num_items,time
3,0.0007000339996920957
4,0.003142697000384942
5,0.017749349000041548
6,0.09648687200024142
7,0.8029064989996186
8,7.2477705940000305
